image_name,xmin,xmax,ymin,ymax,class_id
014.Indigo_Bunting/Indigo_Bunting_0022_12781.jpg,0,333,0,500,3
014.Indigo_Bunting/Indigo_Bunting_0017_11574.jpg,0,500,0,333,3
013.Bobolink/Bobolink_0099_9314.jpg,0,500,0,375,3
020.Yellow_breasted_Chat/Yellow_Breasted_Chat_0062_21673.jpg,0,458,0,318,3
012.Yellow_headed_Blackbird/Yellow_Headed_Blackbird_0102_8441.jpg,75,400,102,468,3
003.Sooty_Albatross/Sooty_Albatross_0004_796366.jpg,0,500,0,480,3
014.Indigo_Bunting/Indigo_Bunting_0010_13000.jpg,1,500,0,340,3
017.Cardinal/Cardinal_0060_17139.jpg,14,420,34,500,3
014.Indigo_Bunting/Indigo_Bunting_0052_11893.jpg,36,364,43,371,3
002.Laysan_Albatross/Laysan_Albatross_0033_658.jpg,0,447,0,334,3
001.Black_footed_Albatross/Black_Footed_Albatross_0006_796065.jpg,0,350,0,326,3
018.Spotted_Catbird/Spotted_Catbird_0006_796823.jpg,0,330,0,284,3
001.Black_footed_Albatross/Black_Footed_Albatross_0002_55.jpg,0,499,0,347,3
017.Cardinal/Cardinal_0102_17808.jpg,0,500,0,375,3
010.Red_winged_Blackbird/Red_Winged_Blackbird_0062_4233.jpg,0,357,19,500,3
003.Sooty_Albatross/Sooty_Albatross_0023_796401.jpg,0,280,0,420,3
007.Parakeet_Auklet/Parakeet_Auklet_0074_795976.jpg,0,500,0,341,3
015.Lazuli_Bunting/Lazuli_Bunting_0054_14714.jpg,61,289,135,363,3
005.Crested_Auklet/Crested_Auklet_0001_794941.jpg,0,324,65,441,3
011.Rusty_Blackbird/Rusty_Blackbird_0112_3415.jpg,115,295,128,308,3
017.Cardinal/Cardinal_0053_17541.jpg,0,377,0,500,3
013.Bobolink/Bobolink_0071_9503.jpg,0,333,1,500,3
002.Laysan_Albatross/Laysan_Albatross_0040_472.jpg,53,391,59,397,3
008.Rhinoceros_Auklet/Rhinoceros_Auklet_0012_2161.jpg,72,414,25,358,3
003.Sooty_Albatross/Sooty_Albatross_0007_796372.jpg,0,500,0,335,3
008.Rhinoceros_Auklet/Rhinoceros_Auklet_0029_797520.jpg,73,355,45,327,3
017.Cardinal/Cardinal_0057_17128.jpg,0,500,0,393,3
002.Laysan_Albatross/Laysan_Albatross_0061_563.jpg,0,500,0,333,3
007.Parakeet_Auklet/Parakeet_Auklet_0025_795975.jpg,0,458,5,500,3
006.Least_Auklet/Least_Auklet_0016_1903.jpg,0,419,0,500,3
013.Bobolink/Bobolink_0018_9402.jpg,104,338,78,306,3
015.Lazuli_Bunting/Lazuli_Bunting_0082_15047.jpg,150,498,67,317,3
013.Bobolink/Bobolink_0126_11458.jpg,98,368,91,361,3
013.Bobolink/Bobolink_0114_10627.jpg,0,500,0,500,3
003.Sooty_Albatross/Sooty_Albatross_0014_796373.jpg,0,500,0,313,3
008.Rhinoceros_Auklet/Rhinoceros_Auklet_0011_797530.jpg,0,300,0,278,3
006.Least_Auklet/Least_Auklet_0025_795087.jpg,39,273,50,284,3
015.Lazuli_Bunting/Lazuli_Bunting_0101_14873.jpg,0,395,0,400,3
002.Laysan_Albatross/Laysan_Albatross_0064_674.jpg,0,500,0,333,3
020.Yellow_breasted_Chat/Yellow_Breasted_Chat_0014_21970.jpg,102,428,72,347,3
001.Black_footed_Albatross/Black_Footed_Albatross_0068_796135.jpg,0,500,0,385,3
001.Black_footed_Albatross/Black_Footed_Albatross_0081_426.jpg,31,421,0,320,3
011.Rusty_Blackbird/Rusty_Blackbird_0026_6768.jpg,18,406,7,357,3
005.Crested_Auklet/Crested_Auklet_0005_794922.jpg,0,334,0,500,3
001.Black_footed_Albatross/Black_Footed_Albatross_0001_796111.jpg,19,317,0,223,3
010.Red_winged_Blackbird/Red_Winged_Blackbird_0047_3802.jpg,109,429,76,333,3
017.Cardinal/Cardinal_0103_17425.jpg,0,500,0,424,3
017.Cardinal/Cardinal_0002_18424.jpg,0,333,0,500,3
011.Rusty_Blackbird/Rusty_Blackbird_0075_6717.jpg,2,474,0,296,3
001.Black_footed_Albatross/Black_Footed_Albatross_0036_796127.jpg,0,364,0,353,3
003.Sooty_Albatross/Sooty_Albatross_0013_796402.jpg,15,309,0,240,3
001.Black_footed_Albatross/Black_Footed_Albatross_0079_796122.jpg,0,260,0,359,3
019.Gray_Catbird/Gray_Catbird_0134_20596.jpg,72,500,0,353,3
012.Yellow_headed_Blackbird/Yellow_Headed_Blackbird_0015_8207.jpg,37,451,19,333,3
013.Bobolink/Bobolink_0081_9439.jpg,64,500,0,471,3
015.Lazuli_Bunting/Lazuli_Bunting_0095_14919.jpg,111,500,9,409,3
017.Cardinal/Cardinal_0049_18258.jpg,0,333,0,500,3
003.Sooty_Albatross/Sooty_Albatross_0046_1211.jpg,22,500,0,333,3
002.Laysan_Albatross/Laysan_Albatross_0034_628.jpg,20,500,0,333,3
011.Rusty_Blackbird/Rusty_Blackbird_0006_6633.jpg,13,483,14,411,3
009.Brewer_Blackbird/Brewer_Blackbird_0116_2327.jpg,0,500,0,352,3
013.Bobolink/Bobolink_0044_9990.jpg,140,492,52,333,3
014.Indigo_Bunting/Indigo_Bunting_0050_11811.jpg,34,500,0,333,3
016.Painted_Bunting/Painted_Bunting_0091_15198.jpg,0,500,0,475,3
003.Sooty_Albatross/Sooty_Albatross_0045_1162.jpg,0,500,0,500,3
008.Rhinoceros_Auklet/Rhinoceros_Auklet_0039_2174.jpg,101,319,75,293,3
020.Yellow_breasted_Chat/Yellow_Breasted_Chat_0090_21931.jpg,14,410,0,375,3
015.Lazuli_Bunting/Lazuli_Bunting_0076_14662.jpg,35,239,153,357,3
002.Laysan_Albatross/Laysan_Albatross_0081_800.jpg,5,467,0,372,3
016.Painted_Bunting/Painted_Bunting_0008_16416.jpg,55,437,2,380,3
017.Cardinal/Cardinal_0047_17673.jpg,0,500,0,398,3
009.Brewer_Blackbird/Brewer_Blackbird_0066_2693.jpg,0,409,0,364,3
001.Black_footed_Albatross/Black_Footed_Albatross_0047_796064.jpg,0,438,0,360,3
010.Red_winged_Blackbird/Red_Winged_Blackbird_0009_5841.jpg,2,442,0,364,3
007.Parakeet_Auklet/Parakeet_Auklet_0028_795944.jpg,42,357,116,454,3
010.Red_winged_Blackbird/Red_Winged_Blackbird_0065_4026.jpg,123,477,80,372,3
020.Yellow_breasted_Chat/Yellow_Breasted_Chat_0103_21670.jpg,61,463,0,335,3
005.Crested_Auklet/Crested_Auklet_0071_785255.jpg,0,500,0,375,3
010.Red_winged_Blackbird/Red_Winged_Blackbird_0081_6081.jpg,93,500,56,409,3
009.Brewer_Blackbird/Brewer_Blackbird_0045_2303.jpg,0,483,0,500,3
016.Painted_Bunting/Painted_Bunting_0098_15226.jpg,0,450,0,333,3
014.Indigo_Bunting/Indigo_Bunting_0033_12777.jpg,0,333,4,394,3
001.Black_footed_Albatross/Black_Footed_Albatross_0089_796069.jpg,0,362,0,334,3
013.Bobolink/Bobolink_0092_10026.jpg,0,394,0,480,3
016.Painted_Bunting/Painted_Bunting_0053_16404.jpg,6,470,0,333,3
015.Lazuli_Bunting/Lazuli_Bunting_0055_15043.jpg,62,388,52,378,3
015.Lazuli_Bunting/Lazuli_Bunting_0080_14893.jpg,1,423,0,333,3
007.Parakeet_Auklet/Parakeet_Auklet_0027_795925.jpg,0,355,4,500,3
020.Yellow_breasted_Chat/Yellow_Breasted_Chat_0079_21978.jpg,0,300,0,286,3
011.Rusty_Blackbird/Rusty_Blackbird_0122_6736.jpg,28,432,0,333,3
007.Parakeet_Auklet/Parakeet_Auklet_0008_795992.jpg,0,500,0,395,3
011.Rusty_Blackbird/Rusty_Blackbird_0100_6597.jpg,31,373,5,347,3
004.Groove_billed_Ani/Groove_Billed_Ani_0068_1538.jpg,0,500,0,372,3
002.Laysan_Albatross/Laysan_Albatross_0073_927.jpg,63,443,0,333,3
014.Indigo_Bunting/Indigo_Bunting_0076_12950.jpg,86,500,0,333,3
014.Indigo_Bunting/Indigo_Bunting_0015_12632.jpg,111,500,0,333,3
020.Yellow_breasted_Chat/Yellow_Breasted_Chat_0095_21832.jpg,0,357,0,500,3
016.Painted_Bunting/Painted_Bunting_0060_15224.jpg,56,286,46,276,3
002.Laysan_Albatross/Laysan_Albatross_0002_1027.jpg,61,500,0,375,3
004.Groove_billed_Ani/Groove_Billed_Ani_0059_1480.jpg,0,400,0,500,3
014.Indigo_Bunting/Indigo_Bunting_0005_13832.jpg,0,444,0,375,3
019.Gray_Catbird/Gray_Catbird_0127_20034.jpg,23,317,41,333,3
010.Red_winged_Blackbird/Red_Winged_Blackbird_0012_6015.jpg,52,436,3,339,3
015.Lazuli_Bunting/Lazuli_Bunting_0046_14787.jpg,89,473,56,381,3
007.Parakeet_Auklet/Parakeet_Auklet_0069_795936.jpg,1,500,0,408,3
004.Groove_billed_Ani/Groove_Billed_Ani_0044_1731.jpg,13,500,0,375,3
018.Spotted_Catbird/Spotted_Catbird_0008_796789.jpg,0,366,0,266,3
013.Bobolink/Bobolink_0106_9126.jpg,61,441,11,340,3
020.Yellow_breasted_Chat/Yellow_Breasted_Chat_0035_21870.jpg,70,364,74,368,3
010.Red_winged_Blackbird/Red_Winged_Blackbird_0094_5856.jpg,47,337,89,379,3
009.Brewer_Blackbird/Brewer_Blackbird_0079_2343.jpg,0,500,0,491,3
005.Crested_Auklet/Crested_Auklet_0006_1813.jpg,0,500,0,400,3
012.Yellow_headed_Blackbird/Yellow_Headed_Blackbird_0007_8366.jpg,0,500,0,443,3
010.Red_winged_Blackbird/Red_Winged_Blackbird_0074_4146.jpg,126,462,45,301,3
017.Cardinal/Cardinal_0085_19162.jpg,3,500,0,334,3
007.Parakeet_Auklet/Parakeet_Auklet_0020_795947.jpg,0,351,2,500,3
008.Rhinoceros_Auklet/Rhinoceros_Auklet_0008_797531.jpg,18,486,0,293,3
003.Sooty_Albatross/Sooty_Albatross_0071_1116.jpg,0,500,0,392,3
006.Least_Auklet/Least_Auklet_0054_795130.jpg,0,277,30,374,3
003.Sooty_Albatross/Sooty_Albatross_0017_796349.jpg,38,438,0,302,3
017.Cardinal/Cardinal_0094_17165.jpg,35,500,0,348,3
019.Gray_Catbird/Gray_Catbird_0008_20430.jpg,83,473,6,307,3
005.Crested_Auklet/Crested_Auklet_0073_785248.jpg,71,500,0,333,3
018.Spotted_Catbird/Spotted_Catbird_0012_796802.jpg,0,500,0,381,3
011.Rusty_Blackbird/Rusty_Blackbird_0108_6867.jpg,109,467,60,349,3
007.Parakeet_Auklet/Parakeet_Auklet_0050_795957.jpg,23,500,0,363,3
020.Yellow_breasted_Chat/Yellow_Breasted_Chat_0030_21964.jpg,72,294,134,356,3
012.Yellow_headed_Blackbird/Yellow_Headed_Blackbird_0074_8452.jpg,0,474,0,391,3
007.Parakeet_Auklet/Parakeet_Auklet_0055_795963.jpg,26,500,0,334,3
017.Cardinal/Cardinal_0029_17297.jpg,0,491,0,333,3
015.Lazuli_Bunting/Lazuli_Bunting_0045_14954.jpg,15,329,83,397,3
002.Laysan_Albatross/Laysan_Albatross_0055_570.jpg,0,500,0,332,3
014.Indigo_Bunting/Indigo_Bunting_0049_13641.jpg,43,301,73,331,3
001.Black_footed_Albatross/Black_Footed_Albatross_0010_796097.jpg,54,390,20,356,3
019.Gray_Catbird/Gray_Catbird_0023_20668.jpg,65,485,45,333,3
012.Yellow_headed_Blackbird/Yellow_Headed_Blackbird_0082_8577.jpg,0,500,0,336,3
004.Groove_billed_Ani/Groove_Billed_Ani_0062_1767.jpg,31,499,8,375,3
018.Spotted_Catbird/Spotted_Catbird_0026_796818.jpg,34,462,0,335,3
004.Groove_billed_Ani/Groove_Billed_Ani_0075_1617.jpg,0,500,0,416,3
017.Cardinal/Cardinal_0022_17233.jpg,0,388,0,500,3
020.Yellow_breasted_Chat/Yellow_Breasted_Chat_0058_21864.jpg,0,500,0,333,3
012.Yellow_headed_Blackbird/Yellow_Headed_Blackbird_0042_8574.jpg,76,256,108,288,3
007.Parakeet_Auklet/Parakeet_Auklet_0047_795956.jpg,3,285,105,387,3
008.Rhinoceros_Auklet/Rhinoceros_Auklet_0022_2170.jpg,172,470,80,333,3
006.Least_Auklet/Least_Auklet_0008_795071.jpg,0,140,0,153,3
019.Gray_Catbird/Gray_Catbird_0074_19601.jpg,19,500,0,338,3
018.Spotted_Catbird/Spotted_Catbird_0024_796791.jpg,0,320,0,221,3
002.Laysan_Albatross/Laysan_Albatross_0058_637.jpg,0,500,0,333,3
018.Spotted_Catbird/Spotted_Catbird_0014_19425.jpg,0,500,0,397,3
010.Red_winged_Blackbird/Red_Winged_Blackbird_0058_4141.jpg,98,356,102,360,3
016.Painted_Bunting/Painted_Bunting_0102_16642.jpg,0,451,0,333,3
003.Sooty_Albatross/Sooty_Albatross_0049_796350.jpg,0,225,0,354,3
016.Painted_Bunting/Painted_Bunting_0034_15207.jpg,0,377,0,338,3
001.Black_footed_Albatross/Black_Footed_Albatross_0017_796098.jpg,0,500,0,392,3
003.Sooty_Albatross/Sooty_Albatross_0019_796391.jpg,61,500,0,334,3
013.Bobolink/Bobolink_0052_9423.jpg,98,440,23,332,3
008.Rhinoceros_Auklet/Rhinoceros_Auklet_0018_797517.jpg,29,485,0,334,3
015.Lazuli_Bunting/Lazuli_Bunting_0085_14627.jpg,0,439,6,500,3
016.Painted_Bunting/Painted_Bunting_0011_16690.jpg,29,199,112,282,3
011.Rusty_Blackbird/Rusty_Blackbird_0048_6632.jpg,36,500,0,353,3
009.Brewer_Blackbird/Brewer_Blackbird_0137_2680.jpg,0,500,0,500,3
003.Sooty_Albatross/Sooty_Albatross_0034_1154.jpg,0,400,14,500,3
003.Sooty_Albatross/Sooty_Albatross_0068_796353.jpg,0,475,0,333,3
016.Painted_Bunting/Painted_Bunting_0005_15202.jpg,0,493,0,332,3
001.Black_footed_Albatross/Black_Footed_Albatross_0088_796133.jpg,0,335,0,400,3
004.Groove_billed_Ani/Groove_Billed_Ani_0019_1585.jpg,129,381,107,333,3
011.Rusty_Blackbird/Rusty_Blackbird_0013_6902.jpg,68,488,0,333,3
009.Brewer_Blackbird/Brewer_Blackbird_0028_2682.jpg,0,500,0,333,3
018.Spotted_Catbird/Spotted_Catbird_0003_796822.jpg,68,500,0,353,3
011.Rusty_Blackbird/Rusty_Blackbird_0074_6585.jpg,0,500,0,373,3
010.Red_winged_Blackbird/Red_Winged_Blackbird_0072_4338.jpg,57,483,13,333,3
013.Bobolink/Bobolink_0007_9246.jpg,3,275,5,277,3
017.Cardinal/Cardinal_0020_18664.jpg,0,500,0,386,3
013.Bobolink/Bobolink_0119_10430.jpg,0,385,48,450,3
003.Sooty_Albatross/Sooty_Albatross_0074_1221.jpg,0,399,0,334,3
012.Yellow_headed_Blackbird/Yellow_Headed_Blackbird_0108_7937.jpg,116,412,63,333,3
008.Rhinoceros_Auklet/Rhinoceros_Auklet_0028_2056.jpg,0,500,0,335,3
001.Black_footed_Albatross/Black_Footed_Albatross_0065_796068.jpg,0,350,0,333,3
017.Cardinal/Cardinal_0018_17071.jpg,0,431,0,500,3
011.Rusty_Blackbird/Rusty_Blackbird_0096_6846.jpg,5,491,0,400,3
006.Least_Auklet/Least_Auklet_0011_795109.jpg,0,208,0,216,3
019.Gray_Catbird/Gray_Catbird_0042_20546.jpg,0,333,0,500,3
014.Indigo_Bunting/Indigo_Bunting_0004_13195.jpg,55,339,71,355,3
020.Yellow_breasted_Chat/Yellow_Breasted_Chat_0034_21955.jpg,0,333,25,385,3
016.Painted_Bunting/Painted_Bunting_0061_16930.jpg,32,408,16,375,3
019.Gray_Catbird/Gray_Catbird_0139_21281.jpg,38,428,0,333,3
009.Brewer_Blackbird/Brewer_Blackbird_0127_2235.jpg,86,500,0,375,3
005.Crested_Auklet/Crested_Auklet_0076_785252.jpg,0,410,0,500,3
009.Brewer_Blackbird/Brewer_Blackbird_0046_2688.jpg,42,494,3,500,3
014.Indigo_Bunting/Indigo_Bunting_0053_13391.jpg,109,427,59,375,3
017.Cardinal/Cardinal_0045_18021.jpg,0,400,0,500,3
011.Rusty_Blackbird/Rusty_Blackbird_0104_6685.jpg,105,443,44,382,3
011.Rusty_Blackbird/Rusty_Blackbird_0092_2727.jpg,76,370,57,334,3
010.Red_winged_Blackbird/Red_Winged_Blackbird_0078_5372.jpg,45,475,0,375,3
010.Red_winged_Blackbird/Red_Winged_Blackbird_0053_4072.jpg,55,367,45,357,3
014.Indigo_Bunting/Indigo_Bunting_0073_13933.jpg,86,411,84,450,3
001.Black_footed_Albatross/Black_Footed_Albatross_0060_796076.jpg,0,320,0,240,3
014.Indigo_Bunting/Indigo_Bunting_0047_12966.jpg,78,416,39,345,3
005.Crested_Auklet/Crested_Auklet_0040_794912.jpg,0,238,83,357,3
007.Parakeet_Auklet/Parakeet_Auklet_0067_795964.jpg,0,260,36,308,3
015.Lazuli_Bunting/Lazuli_Bunting_0021_14686.jpg,108,500,12,334,3
012.Yellow_headed_Blackbird/Yellow_Headed_Blackbird_0077_8332.jpg,38,500,0,375,3
017.Cardinal/Cardinal_0051_17223.jpg,0,236,72,350,3
006.Least_Auklet/Least_Auklet_0023_1898.jpg,48,456,12,333,3
010.Red_winged_Blackbird/Red_Winged_Blackbird_0101_6244.jpg,12,434,0,332,3
008.Rhinoceros_Auklet/Rhinoceros_Auklet_0009_797539.jpg,0,160,0,128,3
012.Yellow_headed_Blackbird/Yellow_Headed_Blackbird_0084_8435.jpg,20,447,32,500,3
010.Red_winged_Blackbird/Red_Winged_Blackbird_0025_5342.jpg,12,240,35,263,3
017.Cardinal/Cardinal_0039_17597.jpg,0,425,0,429,3
002.Laysan_Albatross/Laysan_Albatross_0085_564.jpg,0,419,0,367,3
016.Painted_Bunting/Painted_Bunting_0099_16525.jpg,0,482,0,375,3
020.Yellow_breasted_Chat/Yellow_Breasted_Chat_0039_21654.jpg,117,500,8,333,3
004.Groove_billed_Ani/Groove_Billed_Ani_0100_1646.jpg,52,404,27,333,3
008.Rhinoceros_Auklet/Rhinoceros_Auklet_0040_797503.jpg,0,391,22,476,3
005.Crested_Auklet/Crested_Auklet_0074_794949.jpg,0,271,0,400,3
015.Lazuli_Bunting/Lazuli_Bunting_0030_14986.jpg,26,464,0,326,3
008.Rhinoceros_Auklet/Rhinoceros_Auklet_0033_2169.jpg,0,434,0,375,3
013.Bobolink/Bobolink_0097_10861.jpg,72,390,54,371,3
007.Parakeet_Auklet/Parakeet_Auklet_0010_795995.jpg,0,336,52,396,3
004.Groove_billed_Ani/Groove_Billed_Ani_0092_1516.jpg,100,432,62,394,3
016.Painted_Bunting/Painted_Bunting_0029_16530.jpg,0,375,0,500,3
018.Spotted_Catbird/Spotted_Catbird_0009_796795.jpg,41,403,19,333,3
004.Groove_billed_Ani/Groove_Billed_Ani_0035_1591.jpg,0,453,0,500,3
019.Gray_Catbird/Gray_Catbird_0104_20716.jpg,0,363,0,500,3
009.Brewer_Blackbird/Brewer_Blackbird_0115_2279.jpg,87,500,0,333,3
019.Gray_Catbird/Gray_Catbird_0071_20974.jpg,0,500,0,375,3
002.Laysan_Albatross/Laysan_Albatross_0094_1013.jpg,0,500,0,331,3
020.Yellow_breasted_Chat/Yellow_Breasted_Chat_0008_21856.jpg,90,338,99,347,3
002.Laysan_Albatross/Laysan_Albatross_0079_506.jpg,1,500,0,375,3
002.Laysan_Albatross/Laysan_Albatross_0029_482.jpg,0,500,0,333,3
010.Red_winged_Blackbird/Red_Winged_Blackbird_0006_6005.jpg,53,500,0,333,3
002.Laysan_Albatross/Laysan_Albatross_0070_788.jpg,0,332,0,482,3
016.Painted_Bunting/Painted_Bunting_0078_16565.jpg,0,361,22,446,3
016.Painted_Bunting/Painted_Bunting_0077_16819.jpg,71,387,87,403,3
012.Yellow_headed_Blackbird/Yellow_Headed_Blackbird_0058_8350.jpg,49,500,18,332,3
016.Painted_Bunting/Painted_Bunting_0096_15233.jpg,36,500,33,426,3
017.Cardinal/Cardinal_0074_18339.jpg,0,500,0,333,3
016.Painted_Bunting/Painted_Bunting_0010_16948.jpg,0,500,0,404,3
003.Sooty_Albatross/Sooty_Albatross_0010_796355.jpg,41,471,0,333,3
005.Crested_Auklet/Crested_Auklet_0063_794901.jpg,0,500,0,402,3
018.Spotted_Catbird/Spotted_Catbird_0019_796788.jpg,0,356,0,271,3
009.Brewer_Blackbird/Brewer_Blackbird_0025_2231.jpg,3,500,0,375,3
016.Painted_Bunting/Painted_Bunting_0076_16765.jpg,83,500,44,349,3
017.Cardinal/Cardinal_0012_18638.jpg,0,500,0,434,3
017.Cardinal/Cardinal_0066_17803.jpg,0,421,0,372,3
014.Indigo_Bunting/Indigo_Bunting_0002_12163.jpg,0,369,0,407,3
011.Rusty_Blackbird/Rusty_Blackbird_0016_6684.jpg,0,500,0,333,3
019.Gray_Catbird/Gray_Catbird_0131_19633.jpg,29,500,0,400,3
009.Brewer_Blackbird/Brewer_Blackbird_0132_2293.jpg,0,427,0,374,3
015.Lazuli_Bunting/Lazuli_Bunting_0081_14709.jpg,44,294,128,378,3
019.Gray_Catbird/Gray_Catbird_0057_20979.jpg,55,381,32,331,3
010.Red_winged_Blackbird/Red_Winged_Blackbird_0023_5257.jpg,58,384,74,400,3
019.Gray_Catbird/Gray_Catbird_0107_20513.jpg,0,414,0,383,3
020.Yellow_breasted_Chat/Yellow_Breasted_Chat_0106_22032.jpg,73,331,87,345,3
008.Rhinoceros_Auklet/Rhinoceros_Auklet_0050_797534.jpg,0,500,0,500,3
017.Cardinal/Cardinal_0038_19203.jpg,27,500,0,336,3
001.Black_footed_Albatross/Black_Footed_Albatross_0053_796109.jpg,0,455,0,450,3
016.Painted_Bunting/Painted_Bunting_0071_15209.jpg,0,400,0,500,3
011.Rusty_Blackbird/Rusty_Blackbird_0054_6676.jpg,0,493,0,429,3
002.Laysan_Albatross/Laysan_Albatross_0093_725.jpg,44,352,37,334,3
001.Black_footed_Albatross/Black_Footed_Albatross_0077_796114.jpg,0,447,0,451,3
020.Yellow_breasted_Chat/Yellow_Breasted_Chat_0088_21686.jpg,0,273,0,382,3
013.Bobolink/Bobolink_0001_9261.jpg,9,429,7,375,3
004.Groove_billed_Ani/Groove_Billed_Ani_0109_1592.jpg,0,333,21,493,3
009.Brewer_Blackbird/Brewer_Blackbird_0002_2278.jpg,29,445,57,466,3
012.Yellow_headed_Blackbird/Yellow_Headed_Blackbird_0100_8407.jpg,0,375,0,332,3
013.Bobolink/Bobolink_0074_9311.jpg,81,363,46,328,3
001.Black_footed_Albatross/Black_Footed_Albatross_0038_212.jpg,65,495,0,332,3
015.Lazuli_Bunting/Lazuli_Bunting_0078_15164.jpg,122,332,166,376,3
010.Red_winged_Blackbird/Red_Winged_Blackbird_0096_5019.jpg,0,500,0,375,3
016.Painted_Bunting/Painted_Bunting_0085_15282.jpg,0,500,0,324,3
009.Brewer_Blackbird/Brewer_Blackbird_0070_2325.jpg,0,402,21,500,3
014.Indigo_Bunting/Indigo_Bunting_0031_13300.jpg,0,459,0,306,3
014.Indigo_Bunting/Indigo_Bunting_0084_11848.jpg,60,336,36,312,3
008.Rhinoceros_Auklet/Rhinoceros_Auklet_0001_797538.jpg,32,244,0,202,3
007.Parakeet_Auklet/Parakeet_Auklet_0080_795965.jpg,43,500,9,360,3
006.Least_Auklet/Least_Auklet_0024_795120.jpg,0,241,57,345,3
011.Rusty_Blackbird/Rusty_Blackbird_0020_6679.jpg,5,273,16,284,3
007.Parakeet_Auklet/Parakeet_Auklet_0075_795981.jpg,0,500,22,500,3
012.Yellow_headed_Blackbird/Yellow_Headed_Blackbird_0059_8079.jpg,34,368,21,333,3
010.Red_winged_Blackbird/Red_Winged_Blackbird_0011_5845.jpg,150,500,64,375,3
011.Rusty_Blackbird/Rusty_Blackbird_0017_6755.jpg,0,500,0,357,3
014.Indigo_Bunting/Indigo_Bunting_0044_14389.jpg,0,500,0,366,3
018.Spotted_Catbird/Spotted_Catbird_0035_796799.jpg,0,250,0,253,3
009.Brewer_Blackbird/Brewer_Blackbird_0017_2668.jpg,126,462,55,334,3
016.Painted_Bunting/Painted_Bunting_0021_15295.jpg,0,500,0,400,3
015.Lazuli_Bunting/Lazuli_Bunting_0009_15163.jpg,0,342,96,438,3
007.Parakeet_Auklet/Parakeet_Auklet_0041_795933.jpg,0,222,0,178,3
007.Parakeet_Auklet/Parakeet_Auklet_0076_796001.jpg,0,358,2,500,3
015.Lazuli_Bunting/Lazuli_Bunting_0105_15017.jpg,0,346,0,432,3
013.Bobolink/Bobolink_0056_9080.jpg,110,500,36,373,3
019.Gray_Catbird/Gray_Catbird_0031_21635.jpg,142,500,70,388,3
003.Sooty_Albatross/Sooty_Albatross_0036_796387.jpg,5,451,0,330,3
002.Laysan_Albatross/Laysan_Albatross_0005_565.jpg,0,433,0,333,3
016.Painted_Bunting/Painted_Bunting_0040_16691.jpg,19,500,0,362,3
014.Indigo_Bunting/Indigo_Bunting_0066_12869.jpg,0,500,0,392,3
016.Painted_Bunting/Painted_Bunting_0079_15197.jpg,57,391,83,479,3
007.Parakeet_Auklet/Parakeet_Auklet_0030_795930.jpg,0,318,8,356,3
018.Spotted_Catbird/Spotted_Catbird_0013_19428.jpg,0,455,0,375,3
002.Laysan_Albatross/Laysan_Albatross_0075_668.jpg,0,378,0,340,3
016.Painted_Bunting/Painted_Bunting_0002_16887.jpg,95,285,130,320,3
016.Painted_Bunting/Painted_Bunting_0072_16697.jpg,140,384,128,372,3
007.Parakeet_Auklet/Parakeet_Auklet_0073_795939.jpg,47,367,41,344,3
008.Rhinoceros_Auklet/Rhinoceros_Auklet_0006_797512.jpg,0,350,0,291,3
005.Crested_Auklet/Crested_Auklet_0036_794905.jpg,0,301,0,465,3
008.Rhinoceros_Auklet/Rhinoceros_Auklet_0004_797541.jpg,0,464,0,350,3
006.Least_Auklet/Least_Auklet_0021_795127.jpg,2,470,0,426,3
004.Groove_billed_Ani/Groove_Billed_Ani_0051_1650.jpg,0,400,21,459,3
020.Yellow_breasted_Chat/Yellow_Breasted_Chat_0091_22111.jpg,15,500,0,333,3
009.Brewer_Blackbird/Brewer_Blackbird_0038_2294.jpg,0,500,0,358,3
009.Brewer_Blackbird/Brewer_Blackbird_0041_2653.jpg,40,404,12,376,3
007.Parakeet_Auklet/Parakeet_Auklet_0042_795961.jpg,30,500,0,348,3
009.Brewer_Blackbird/Brewer_Blackbird_0010_2269.jpg,0,480,0,397,3
013.Bobolink/Bobolink_0014_11055.jpg,67,443,54,370,3
003.Sooty_Albatross/Sooty_Albatross_0057_796354.jpg,1,215,0,188,3
014.Indigo_Bunting/Indigo_Bunting_0027_11579.jpg,31,305,74,348,3
012.Yellow_headed_Blackbird/Yellow_Headed_Blackbird_0040_7514.jpg,16,363,85,500,3
012.Yellow_headed_Blackbird/Yellow_Headed_Blackbird_0003_8337.jpg,0,436,7,386,3
009.Brewer_Blackbird/Brewer_Blackbird_0074_2277.jpg,17,205,25,213,3
002.Laysan_Albatross/Laysan_Albatross_0068_726.jpg,0,333,0,500,3
020.Yellow_breasted_Chat/Yellow_Breasted_Chat_0087_21695.jpg,0,332,71,421,3
019.Gray_Catbird/Gray_Catbird_0117_21333.jpg,0,486,49,443,3
013.Bobolink/Bobolink_0049_9540.jpg,0,461,0,388,3
006.Least_Auklet/Least_Auklet_0055_795106.jpg,0,500,0,457,3
018.Spotted_Catbird/Spotted_Catbird_0031_796806.jpg,9,299,0,226,3
010.Red_winged_Blackbird/Red_Winged_Blackbird_0022_4483.jpg,67,323,77,333,3
020.Yellow_breasted_Chat/Yellow_Breasted_Chat_0086_21877.jpg,134,434,72,334,3
005.Crested_Auklet/Crested_Auklet_0028_794951.jpg,0,271,43,393,3
016.Painted_Bunting/Painted_Bunting_0080_16534.jpg,60,288,106,334,3
018.Spotted_Catbird/Spotted_Catbird_0016_796803.jpg,0,193,0,133,3
009.Brewer_Blackbird/Brewer_Blackbird_0090_2658.jpg,0,474,0,397,3
018.Spotted_Catbird/Spotted_Catbird_0028_796813.jpg,11,443,0,327,3
005.Crested_Auklet/Crested_Auklet_0066_785251.jpg,0,425,0,500,3
010.Red_winged_Blackbird/Red_Winged_Blackbird_0059_4612.jpg,42,500,0,356,3
012.Yellow_headed_Blackbird/Yellow_Headed_Blackbird_0035_8447.jpg,67,339,78,333,3
017.Cardinal/Cardinal_0006_17684.jpg,54,500,9,427,3
008.Rhinoceros_Auklet/Rhinoceros_Auklet_0007_797521.jpg,0,338,0,300,3
012.Yellow_headed_Blackbird/Yellow_Headed_Blackbird_0091_8555.jpg,143,435,101,335,3
005.Crested_Auklet/Crested_Auklet_0012_794960.jpg,0,279,0,381,3
006.Least_Auklet/Least_Auklet_0014_1901.jpg,0,500,0,375,3
013.Bobolink/Bobolink_0133_9618.jpg,0,282,12,306,3
013.Bobolink/Bobolink_0013_9367.jpg,51,435,63,441,3
004.Groove_billed_Ani/Groove_Billed_Ani_0105_1562.jpg,22,500,0,371,3
011.Rusty_Blackbird/Rusty_Blackbird_0055_6923.jpg,4,428,0,375,3
019.Gray_Catbird/Gray_Catbird_0019_20567.jpg,107,451,57,400,3
002.Laysan_Albatross/Laysan_Albatross_0037_699.jpg,0,500,0,333,3
003.Sooty_Albatross/Sooty_Albatross_0075_796352.jpg,0,500,0,217,3
018.Spotted_Catbird/Spotted_Catbird_0044_796809.jpg,0,477,0,333,3
007.Parakeet_Auklet/Parakeet_Auklet_0001_795972.jpg,0,334,24,480,3
009.Brewer_Blackbird/Brewer_Blackbird_0065_2310.jpg,0,333,47,437,3
011.Rusty_Blackbird/Rusty_Blackbird_0086_6658.jpg,0,400,0,500,3
010.Red_winged_Blackbird/Red_Winged_Blackbird_0085_5846.jpg,0,365,0,500,3
020.Yellow_breasted_Chat/Yellow_Breasted_Chat_0005_21828.jpg,62,500,1,357,3
019.Gray_Catbird/Gray_Catbird_0044_20955.jpg,0,416,0,304,3
005.Crested_Auklet/Crested_Auklet_0061_794904.jpg,0,334,0,500,3
007.Parakeet_Auklet/Parakeet_Auklet_0045_795953.jpg,0,363,14,500,3
010.Red_winged_Blackbird/Red_Winged_Blackbird_0054_4625.jpg,6,396,72,462,3
016.Painted_Bunting/Painted_Bunting_0016_15200.jpg,133,500,5,339,3
001.Black_footed_Albatross/Black_Footed_Albatross_0064_796101.jpg,0,400,0,333,3
012.Yellow_headed_Blackbird/Yellow_Headed_Blackbird_0024_8586.jpg,38,468,17,375,3
008.Rhinoceros_Auklet/Rhinoceros_Auklet_0015_2160.jpg,83,429,45,391,3
007.Parakeet_Auklet/Parakeet_Auklet_0013_795970.jpg,0,485,0,375,3
012.Yellow_headed_Blackbird/Yellow_Headed_Blackbird_0065_8481.jpg,0,421,19,375,3
008.Rhinoceros_Auklet/Rhinoceros_Auklet_0024_797529.jpg,22,384,0,271,3
020.Yellow_breasted_Chat/Yellow_Breasted_Chat_0066_21839.jpg,26,500,0,401,3
010.Red_winged_Blackbird/Red_Winged_Blackbird_0039_4285.jpg,45,285,100,340,3
005.Crested_Auklet/Crested_Auklet_0039_794944.jpg,0,344,0,500,3
004.Groove_billed_Ani/Groove_Billed_Ani_0077_1724.jpg,0,308,45,393,3
001.Black_footed_Albatross/Black_Footed_Albatross_0067_170.jpg,0,333,0,361,3
003.Sooty_Albatross/Sooty_Albatross_0048_1130.jpg,0,326,0,333,3
015.Lazuli_Bunting/Lazuli_Bunting_0087_15096.jpg,0,500,0,326,3
004.Groove_billed_Ani/Groove_Billed_Ani_0090_1567.jpg,0,471,0,333,3
017.Cardinal/Cardinal_0079_19044.jpg,67,500,0,346,3
014.Indigo_Bunting/Indigo_Bunting_0058_12207.jpg,0,386,0,375,3
019.Gray_Catbird/Gray_Catbird_0027_20968.jpg,33,329,37,333,3
005.Crested_Auklet/Crested_Auklet_0013_794914.jpg,0,261,11,299,3
001.Black_footed_Albatross/Black_Footed_Albatross_0014_89.jpg,0,331,0,380,3
015.Lazuli_Bunting/Lazuli_Bunting_0027_14895.jpg,0,444,0,392,3
002.Laysan_Albatross/Laysan_Albatross_0004_930.jpg,0,422,0,375,3
014.Indigo_Bunting/Indigo_Bunting_0054_12213.jpg,66,438,9,375,3
020.Yellow_breasted_Chat/Yellow_Breasted_Chat_0010_21777.jpg,27,423,40,415,3
014.Indigo_Bunting/Indigo_Bunting_0021_13979.jpg,0,409,0,342,3
001.Black_footed_Albatross/Black_Footed_Albatross_0003_796136.jpg,0,500,0,375,3
016.Painted_Bunting/Painted_Bunting_0083_16587.jpg,83,485,47,332,3
014.Indigo_Bunting/Indigo_Bunting_0029_13761.jpg,35,343,42,350,3
015.Lazuli_Bunting/Lazuli_Bunting_0052_14618.jpg,19,500,0,230,3
014.Indigo_Bunting/Indigo_Bunting_0013_12949.jpg,0,426,0,375,3
008.Rhinoceros_Auklet/Rhinoceros_Auklet_0017_2155.jpg,0,341,0,344,3
001.Black_footed_Albatross/Black_Footed_Albatross_0008_796083.jpg,94,500,36,357,3
015.Lazuli_Bunting/Lazuli_Bunting_0031_15018.jpg,0,500,0,400,3
005.Crested_Auklet/Crested_Auklet_0042_794902.jpg,0,348,0,500,3
020.Yellow_breasted_Chat/Yellow_Breasted_Chat_0077_21986.jpg,139,500,58,333,3
016.Painted_Bunting/Painted_Bunting_0066_15241.jpg,52,302,138,388,3
009.Brewer_Blackbird/Brewer_Blackbird_0018_2261.jpg,78,474,12,332,3
002.Laysan_Albatross/Laysan_Albatross_0017_614.jpg,0,375,0,500,3
019.Gray_Catbird/Gray_Catbird_0013_20562.jpg,0,443,0,488,3
013.Bobolink/Bobolink_0065_9375.jpg,0,298,0,343,3
019.Gray_Catbird/Gray_Catbird_0090_21464.jpg,0,333,5,500,3
013.Bobolink/Bobolink_0102_10807.jpg,57,291,72,306,3
011.Rusty_Blackbird/Rusty_Blackbird_0073_6744.jpg,31,371,0,218,3
012.Yellow_headed_Blackbird/Yellow_Headed_Blackbird_0023_7325.jpg,10,500,0,326,3
005.Crested_Auklet/Crested_Auklet_0011_794927.jpg,0,500,0,478,3
008.Rhinoceros_Auklet/Rhinoceros_Auklet_0041_797515.jpg,0,400,0,294,3
012.Yellow_headed_Blackbird/Yellow_Headed_Blackbird_0051_8387.jpg,33,395,28,358,3
013.Bobolink/Bobolink_0115_9265.jpg,66,368,39,341,3
013.Bobolink/Bobolink_0047_9204.jpg,0,387,0,443,3
003.Sooty_Albatross/Sooty_Albatross_0006_796390.jpg,0,500,0,333,3
009.Brewer_Blackbird/Brewer_Blackbird_0027_2329.jpg,13,500,0,400,3
012.Yellow_headed_Blackbird/Yellow_Headed_Blackbird_0017_8511.jpg,0,328,39,441,3
011.Rusty_Blackbird/Rusty_Blackbird_0114_6760.jpg,0,500,0,375,3
010.Red_winged_Blackbird/Red_Winged_Blackbird_0089_4188.jpg,59,500,0,348,3
003.Sooty_Albatross/Sooty_Albatross_0067_796376.jpg,0,500,0,375,3
015.Lazuli_Bunting/Lazuli_Bunting_0102_14605.jpg,12,288,22,298,3
020.Yellow_breasted_Chat/Yellow_Breasted_Chat_0012_21961.jpg,30,438,0,335,3
010.Red_winged_Blackbird/Red_Winged_Blackbird_0071_3988.jpg,0,500,0,333,3
002.Laysan_Albatross/Laysan_Albatross_0018_492.jpg,74,500,4,335,3
010.Red_winged_Blackbird/Red_Winged_Blackbird_0005_5636.jpg,0,500,0,322,3
003.Sooty_Albatross/Sooty_Albatross_0001_1071.jpg,0,330,69,451,3
013.Bobolink/Bobolink_0021_10623.jpg,5,500,0,383,3
010.Red_winged_Blackbird/Red_Winged_Blackbird_0010_6386.jpg,0,424,0,500,3
019.Gray_Catbird/Gray_Catbird_0091_20416.jpg,116,486,44,375,3
004.Groove_billed_Ani/Groove_Billed_Ani_0080_1549.jpg,2,440,15,357,3
001.Black_footed_Albatross/Black_Footed_Albatross_0019_796104.jpg,0,500,0,338,3
011.Rusty_Blackbird/Rusty_Blackbird_0032_6611.jpg,60,354,68,333,3
005.Crested_Auklet/Crested_Auklet_0029_1824.jpg,0,326,0,500,3
019.Gray_Catbird/Gray_Catbird_0043_21008.jpg,36,336,17,317,3
001.Black_footed_Albatross/Black_Footed_Albatross_0051_796103.jpg,0,493,0,391,3
004.Groove_billed_Ani/Groove_Billed_Ani_0076_1661.jpg,88,500,64,344,3
001.Black_footed_Albatross/Black_Footed_Albatross_0085_92.jpg,0,439,0,470,3
017.Cardinal/Cardinal_0105_19045.jpg,68,488,13,390,3
006.Least_Auklet/Least_Auklet_0034_795096.jpg,0,300,0,450,3
006.Least_Auklet/Least_Auklet_0038_795132.jpg,34,366,19,351,3
003.Sooty_Albatross/Sooty_Albatross_0079_796389.jpg,0,298,0,320,3
012.Yellow_headed_Blackbird/Yellow_Headed_Blackbird_0095_8458.jpg,11,446,20,500,3
015.Lazuli_Bunting/Lazuli_Bunting_0067_14672.jpg,28,500,1,375,3
009.Brewer_Blackbird/Brewer_Blackbird_0078_2659.jpg,0,406,0,402,3
015.Lazuli_Bunting/Lazuli_Bunting_0048_14844.jpg,32,493,38,500,3
017.Cardinal/Cardinal_0097_17396.jpg,98,500,45,375,3
014.Indigo_Bunting/Indigo_Bunting_0059_11596.jpg,0,500,0,357,3
011.Rusty_Blackbird/Rusty_Blackbird_0009_6853.jpg,130,382,133,385,3
014.Indigo_Bunting/Indigo_Bunting_0034_12464.jpg,69,363,55,349,3
013.Bobolink/Bobolink_0033_10809.jpg,0,457,0,375,3
014.Indigo_Bunting/Indigo_Bunting_0074_12829.jpg,67,500,0,282,3
018.Spotted_Catbird/Spotted_Catbird_0034_19437.jpg,0,500,0,333,3
002.Laysan_Albatross/Laysan_Albatross_0092_834.jpg,0,461,0,333,3
005.Crested_Auklet/Crested_Auklet_0019_794925.jpg,0,200,0,273,3
010.Red_winged_Blackbird/Red_Winged_Blackbird_0045_4526.jpg,0,368,9,387,3
001.Black_footed_Albatross/Black_Footed_Albatross_0045_796129.jpg,0,500,0,332,3
020.Yellow_breasted_Chat/Yellow_Breasted_Chat_0048_21797.jpg,0,487,0,378,3
013.Bobolink/Bobolink_0002_11085.jpg,0,349,0,334,3
001.Black_footed_Albatross/Black_Footed_Albatross_0090_796077.jpg,0,216,0,136,3
014.Indigo_Bunting/Indigo_Bunting_0068_13081.jpg,0,431,0,288,3
016.Painted_Bunting/Painted_Bunting_0087_15232.jpg,55,457,4,358,3
009.Brewer_Blackbird/Brewer_Blackbird_0061_2270.jpg,0,357,10,450,3
014.Indigo_Bunting/Indigo_Bunting_0085_11991.jpg,63,435,28,399,3
020.Yellow_breasted_Chat/Yellow_Breasted_Chat_0065_22137.jpg,71,405,7,289,3
014.Indigo_Bunting/Indigo_Bunting_0061_13259.jpg,0,434,0,375,3
010.Red_winged_Blackbird/Red_Winged_Blackbird_0024_4180.jpg,0,500,0,332,3
001.Black_footed_Albatross/Black_Footed_Albatross_0039_796132.jpg,74,500,19,483,3
006.Least_Auklet/Least_Auklet_0018_795077.jpg,0,325,60,408,3
016.Painted_Bunting/Painted_Bunting_0058_16719.jpg,31,371,3,343,3
013.Bobolink/Bobolink_0079_10736.jpg,68,384,56,372,3
001.Black_footed_Albatross/Black_Footed_Albatross_0009_34.jpg,0,494,0,336,3
006.Least_Auklet/Least_Auklet_0060_795095.jpg,0,480,0,333,3
016.Painted_Bunting/Painted_Bunting_0009_16674.jpg,19,499,0,334,3
020.Yellow_breasted_Chat/Yellow_Breasted_Chat_0101_21677.jpg,0,412,0,333,3
014.Indigo_Bunting/Indigo_Bunting_0032_12215.jpg,0,337,61,401,3
011.Rusty_Blackbird/Rusty_Blackbird_0011_7028.jpg,0,441,0,335,3
016.Painted_Bunting/Painted_Bunting_0100_16735.jpg,115,500,12,333,3
008.Rhinoceros_Auklet/Rhinoceros_Auklet_0043_2096.jpg,0,465,0,393,3
003.Sooty_Albatross/Sooty_Albatross_0003_1078.jpg,0,500,0,357,3
014.Indigo_Bunting/Indigo_Bunting_0077_14060.jpg,62,408,17,333,3
017.Cardinal/Cardinal_0010_18894.jpg,0,259,3,285,3
006.Least_Auklet/Least_Auklet_0010_795092.jpg,0,220,6,330,3
013.Bobolink/Bobolink_0070_10624.jpg,25,223,55,253,3
016.Painted_Bunting/Painted_Bunting_0028_15205.jpg,49,500,0,333,3
020.Yellow_breasted_Chat/Yellow_Breasted_Chat_0073_21932.jpg,127,419,93,375,3
004.Groove_billed_Ani/Groove_Billed_Ani_0029_1620.jpg,0,418,18,500,3
020.Yellow_breasted_Chat/Yellow_Breasted_Chat_0110_21871.jpg,0,500,0,327,3
018.Spotted_Catbird/Spotted_Catbird_0033_796805.jpg,0,500,0,375,3
016.Painted_Bunting/Painted_Bunting_0086_16540.jpg,0,491,52,495,3
018.Spotted_Catbird/Spotted_Catbird_0041_796807.jpg,0,177,0,131,3
003.Sooty_Albatross/Sooty_Albatross_0038_1065.jpg,122,492,34,320,3
007.Parakeet_Auklet/Parakeet_Auklet_0032_795986.jpg,0,121,8,170,3
003.Sooty_Albatross/Sooty_Albatross_0070_796346.jpg,0,480,0,360,3
001.Black_footed_Albatross/Black_Footed_Albatross_0058_796074.jpg,0,412,0,334,3
012.Yellow_headed_Blackbird/Yellow_Headed_Blackbird_0088_8257.jpg,0,360,0,240,3
019.Gray_Catbird/Gray_Catbird_0006_20867.jpg,0,500,0,333,3
015.Lazuli_Bunting/Lazuli_Bunting_0015_14690.jpg,69,424,51,445,3
010.Red_winged_Blackbird/Red_Winged_Blackbird_0007_3706.jpg,0,500,0,278,3
002.Laysan_Albatross/Laysan_Albatross_0025_571.jpg,38,500,0,281,3
014.Indigo_Bunting/Indigo_Bunting_0039_12756.jpg,80,286,116,322,3
013.Bobolink/Bobolink_0110_9496.jpg,32,232,53,253,3
007.Parakeet_Auklet/Parakeet_Auklet_0048_795980.jpg,0,334,0,500,3
001.Black_footed_Albatross/Black_Footed_Albatross_0056_796078.jpg,79,417,37,375,3
018.Spotted_Catbird/Spotted_Catbird_0004_796804.jpg,0,500,0,400,3
003.Sooty_Albatross/Sooty_Albatross_0005_796342.jpg,0,437,0,376,3
012.Yellow_headed_Blackbird/Yellow_Headed_Blackbird_0072_8606.jpg,0,358,25,500,3
006.Least_Auklet/Least_Auklet_0046_795118.jpg,21,360,37,360,3
019.Gray_Catbird/Gray_Catbird_0053_20694.jpg,0,500,0,375,3
019.Gray_Catbird/Gray_Catbird_0118_20476.jpg,0,500,0,331,3
005.Crested_Auklet/Crested_Auklet_0047_794918.jpg,0,200,0,200,3
011.Rusty_Blackbird/Rusty_Blackbird_0051_6715.jpg,54,500,0,383,3
004.Groove_billed_Ani/Groove_Billed_Ani_0014_1755.jpg,0,375,0,500,3
013.Bobolink/Bobolink_0120_10859.jpg,85,500,19,385,3
004.Groove_billed_Ani/Groove_Billed_Ani_0017_1561.jpg,0,500,0,375,3
007.Parakeet_Auklet/Parakeet_Auklet_0026_795962.jpg,0,334,70,498,3
014.Indigo_Bunting/Indigo_Bunting_0082_11907.jpg,53,227,120,294,3
001.Black_footed_Albatross/Black_Footed_Albatross_0037_796120.jpg,0,393,0,272,3
003.Sooty_Albatross/Sooty_Albatross_0044_1105.jpg,116,436,54,332,3
013.Bobolink/Bobolink_0107_10252.jpg,23,500,0,334,3
020.Yellow_breasted_Chat/Yellow_Breasted_Chat_0081_21829.jpg,0,280,0,227,3
014.Indigo_Bunting/Indigo_Bunting_0051_12837.jpg,30,290,67,327,3
019.Gray_Catbird/Gray_Catbird_0048_20558.jpg,18,500,0,425,3
004.Groove_billed_Ani/Groove_Billed_Ani_0107_1590.jpg,11,473,0,375,3
014.Indigo_Bunting/Indigo_Bunting_0003_13049.jpg,2,500,0,372,3
014.Indigo_Bunting/Indigo_Bunting_0028_12335.jpg,202,500,98,333,3
008.Rhinoceros_Auklet/Rhinoceros_Auklet_0049_797543.jpg,1,230,0,158,3
009.Brewer_Blackbird/Brewer_Blackbird_0087_2622.jpg,118,500,50,369,3
017.Cardinal/Cardinal_0081_17291.jpg,19,447,0,341,3
005.Crested_Auklet/Crested_Auklet_0062_794968.jpg,0,243,0,280,3
004.Groove_billed_Ani/Groove_Billed_Ani_0085_1612.jpg,118,474,81,375,3
007.Parakeet_Auklet/Parakeet_Auklet_0007_795932.jpg,0,365,0,243,3
016.Painted_Bunting/Painted_Bunting_0039_15235.jpg,0,254,29,317,3
017.Cardinal/Cardinal_0037_18092.jpg,0,350,29,385,3
002.Laysan_Albatross/Laysan_Albatross_0053_543.jpg,51,395,18,333,3
004.Groove_billed_Ani/Groove_Billed_Ani_0061_1510.jpg,0,333,0,500,3
017.Cardinal/Cardinal_0040_17477.jpg,42,456,0,338,3
014.Indigo_Bunting/Indigo_Bunting_0037_14128.jpg,64,350,39,279,3
013.Bobolink/Bobolink_0069_9085.jpg,0,378,0,500,3
001.Black_footed_Albatross/Black_Footed_Albatross_0033_796086.jpg,0,500,0,375,3
001.Black_footed_Albatross/Black_Footed_Albatross_0024_796089.jpg,0,480,0,414,3
015.Lazuli_Bunting/Lazuli_Bunting_0047_14863.jpg,36,432,57,453,3
006.Least_Auklet/Least_Auklet_0063_795134.jpg,0,438,0,500,3
011.Rusty_Blackbird/Rusty_Blackbird_0107_6839.jpg,0,342,17,389,3
006.Least_Auklet/Least_Auklet_0028_795094.jpg,0,342,2,346,3
007.Parakeet_Auklet/Parakeet_Auklet_0012_795927.jpg,0,348,17,469,3
016.Painted_Bunting/Painted_Bunting_0094_16467.jpg,0,500,0,393,3
004.Groove_billed_Ani/Groove_Billed_Ani_0078_1780.jpg,19,211,14,206,3
001.Black_footed_Albatross/Black_Footed_Albatross_0076_417.jpg,0,500,0,441,3
014.Indigo_Bunting/Indigo_Bunting_0025_12532.jpg,9,381,31,357,3
008.Rhinoceros_Auklet/Rhinoceros_Auklet_0051_797510.jpg,74,338,38,302,3
013.Bobolink/Bobolink_0043_10607.jpg,0,400,0,500,3
011.Rusty_Blackbird/Rusty_Blackbird_0036_6550.jpg,0,500,0,407,3
010.Red_winged_Blackbird/Red_Winged_Blackbird_0044_5621.jpg,0,500,0,475,3
003.Sooty_Albatross/Sooty_Albatross_0076_796365.jpg,28,500,0,334,3
011.Rusty_Blackbird/Rusty_Blackbird_0102_6590.jpg,0,434,0,328,3
006.Least_Auklet/Least_Auklet_0030_795116.jpg,35,275,42,249,3
009.Brewer_Blackbird/Brewer_Blackbird_0131_2289.jpg,25,500,0,375,3
017.Cardinal/Cardinal_0104_17122.jpg,0,352,0,500,3
018.Spotted_Catbird/Spotted_Catbird_0036_19406.jpg,0,333,33,433,3
005.Crested_Auklet/Crested_Auklet_0075_785259.jpg,94,312,87,305,3
015.Lazuli_Bunting/Lazuli_Bunting_0057_14775.jpg,0,500,0,270,3
020.Yellow_breasted_Chat/Yellow_Breasted_Chat_0089_21804.jpg,69,483,4,343,3
004.Groove_billed_Ani/Groove_Billed_Ani_0002_1670.jpg,0,500,0,360,3
004.Groove_billed_Ani/Groove_Billed_Ani_0055_1501.jpg,47,500,0,333,3
007.Parakeet_Auklet/Parakeet_Auklet_0015_795966.jpg,2,350,0,319,3
005.Crested_Auklet/Crested_Auklet_0052_794952.jpg,0,250,66,330,3
015.Lazuli_Bunting/Lazuli_Bunting_0089_14598.jpg,0,304,0,330,3
008.Rhinoceros_Auklet/Rhinoceros_Auklet_0026_797519.jpg,19,367,0,280,3
009.Brewer_Blackbird/Brewer_Blackbird_0064_2290.jpg,0,500,0,321,3
007.Parakeet_Auklet/Parakeet_Auklet_0039_795955.jpg,0,462,0,375,3
018.Spotted_Catbird/Spotted_Catbird_0021_796798.jpg,0,454,0,500,3
016.Painted_Bunting/Painted_Bunting_0056_16599.jpg,0,465,0,324,3
003.Sooty_Albatross/Sooty_Albatross_0064_796343.jpg,13,500,0,335,3
009.Brewer_Blackbird/Brewer_Blackbird_0049_2258.jpg,23,459,0,355,3
013.Bobolink/Bobolink_0117_10215.jpg,36,500,0,348,3
012.Yellow_headed_Blackbird/Yellow_Headed_Blackbird_0098_8367.jpg,31,435,0,375,3
016.Painted_Bunting/Painted_Bunting_0032_16605.jpg,13,373,0,358,3
008.Rhinoceros_Auklet/Rhinoceros_Auklet_0019_797513.jpg,9,265,24,280,3
008.Rhinoceros_Auklet/Rhinoceros_Auklet_0046_797532.jpg,17,223,0,167,3
012.Yellow_headed_Blackbird/Yellow_Headed_Blackbird_0012_8443.jpg,66,500,8,333,3
019.Gray_Catbird/Gray_Catbird_0002_21395.jpg,31,500,8,411,3
012.Yellow_headed_Blackbird/Yellow_Headed_Blackbird_0061_8208.jpg,48,333,128,416,3
004.Groove_billed_Ani/Groove_Billed_Ani_0088_1678.jpg,23,413,36,375,3
010.Red_winged_Blackbird/Red_Winged_Blackbird_0061_4196.jpg,0,472,0,317,3
008.Rhinoceros_Auklet/Rhinoceros_Auklet_0020_2195.jpg,118,442,65,389,3
003.Sooty_Albatross/Sooty_Albatross_0077_1080.jpg,10,500,0,335,3
007.Parakeet_Auklet/Parakeet_Auklet_0070_795998.jpg,0,200,0,150,3
020.Yellow_breasted_Chat/Yellow_Breasted_Chat_0075_21715.jpg,0,375,21,500,3
011.Rusty_Blackbird/Rusty_Blackbird_0027_6593.jpg,46,298,14,266,3
009.Brewer_Blackbird/Brewer_Blackbird_0101_2630.jpg,0,349,83,451,3
017.Cardinal/Cardinal_0028_18054.jpg,3,251,9,250,3
004.Groove_billed_Ani/Groove_Billed_Ani_0094_1540.jpg,0,500,0,400,3
007.Parakeet_Auklet/Parakeet_Auklet_0016_795977.jpg,0,500,0,344,3
009.Brewer_Blackbird/Brewer_Blackbird_0096_2634.jpg,0,500,0,402,3
013.Bobolink/Bobolink_0050_9821.jpg,0,335,59,455,3
007.Parakeet_Auklet/Parakeet_Auklet_0040_795974.jpg,90,497,94,500,3
019.Gray_Catbird/Gray_Catbird_0055_20671.jpg,0,481,0,393,3
018.Spotted_Catbird/Spotted_Catbird_0039_796811.jpg,0,500,0,333,3
012.Yellow_headed_Blackbird/Yellow_Headed_Blackbird_0038_8689.jpg,0,407,37,459,3
003.Sooty_Albatross/Sooty_Albatross_0063_1101.jpg,11,275,0,259,3
007.Parakeet_Auklet/Parakeet_Auklet_0056_795926.jpg,0,448,0,356,3
011.Rusty_Blackbird/Rusty_Blackbird_0023_6752.jpg,0,500,0,333,3
006.Least_Auklet/Least_Auklet_0035_1888.jpg,0,500,0,400,3
009.Brewer_Blackbird/Brewer_Blackbird_0142_2636.jpg,36,500,0,333,3
020.Yellow_breasted_Chat/Yellow_Breasted_Chat_0041_21683.jpg,0,410,0,500,3
009.Brewer_Blackbird/Brewer_Blackbird_0042_2302.jpg,0,500,0,362,3
017.Cardinal/Cardinal_0075_17946.jpg,0,369,56,428,3
009.Brewer_Blackbird/Brewer_Blackbird_0104_2230.jpg,1,300,0,200,3
010.Red_winged_Blackbird/Red_Winged_Blackbird_0027_4123.jpg,34,500,0,318,3
015.Lazuli_Bunting/Lazuli_Bunting_0037_15021.jpg,135,373,124,362,3
018.Spotted_Catbird/Spotted_Catbird_0020_796794.jpg,0,414,0,300,3
009.Brewer_Blackbird/Brewer_Blackbird_0012_2691.jpg,57,335,31,309,3
005.Crested_Auklet/Crested_Auklet_0059_794929.jpg,0,214,0,320,3
008.Rhinoceros_Auklet/Rhinoceros_Auklet_0037_797499.jpg,0,500,0,405,3
011.Rusty_Blackbird/Rusty_Blackbird_0082_6906.jpg,57,500,0,334,3
006.Least_Auklet/Least_Auklet_0050_1924.jpg,0,388,56,472,3
012.Yellow_headed_Blackbird/Yellow_Headed_Blackbird_0089_8326.jpg,0,500,1,482,3
012.Yellow_headed_Blackbird/Yellow_Headed_Blackbird_0085_8363.jpg,39,443,8,332,3
019.Gray_Catbird/Gray_Catbird_0045_20950.jpg,0,500,0,375,3
003.Sooty_Albatross/Sooty_Albatross_0021_796339.jpg,0,300,0,284,3
005.Crested_Auklet/Crested_Auklet_0003_794962.jpg,0,375,0,375,3
012.Yellow_headed_Blackbird/Yellow_Headed_Blackbird_0026_8545.jpg,78,384,75,381,3
020.Yellow_breasted_Chat/Yellow_Breasted_Chat_0013_22008.jpg,73,500,14,400,3
003.Sooty_Albatross/Sooty_Albatross_0042_1210.jpg,0,265,0,274,3
002.Laysan_Albatross/Laysan_Albatross_0098_621.jpg,0,473,0,375,3
005.Crested_Auklet/Crested_Auklet_0033_794964.jpg,1,500,0,333,3
016.Painted_Bunting/Painted_Bunting_0050_16670.jpg,0,333,28,444,3
019.Gray_Catbird/Gray_Catbird_0032_21551.jpg,0,500,0,375,3
019.Gray_Catbird/Gray_Catbird_0094_21303.jpg,4,482,0,333,3
012.Yellow_headed_Blackbird/Yellow_Headed_Blackbird_0070_8583.jpg,14,390,26,325,3
013.Bobolink/Bobolink_0112_11073.jpg,0,500,0,333,3
001.Black_footed_Albatross/Black_Footed_Albatross_0042_796071.jpg,59,500,0,356,3
001.Black_footed_Albatross/Black_Footed_Albatross_0046_18.jpg,0,474,0,335,3
004.Groove_billed_Ani/Groove_Billed_Ani_0101_1700.jpg,0,357,0,500,3
001.Black_footed_Albatross/Black_Footed_Albatross_0069_796139.jpg,0,200,0,200,3
009.Brewer_Blackbird/Brewer_Blackbird_0030_2268.jpg,0,500,0,448,3
011.Rusty_Blackbird/Rusty_Blackbird_0105_6937.jpg,17,403,57,443,3
007.Parakeet_Auklet/Parakeet_Auklet_0035_795934.jpg,0,350,23,407,3
003.Sooty_Albatross/Sooty_Albatross_0002_796395.jpg,0,500,0,309,3
018.Spotted_Catbird/Spotted_Catbird_0010_19436.jpg,50,446,74,375,3
004.Groove_billed_Ani/Groove_Billed_Ani_0087_1765.jpg,22,410,0,375,3
003.Sooty_Albatross/Sooty_Albatross_0072_796371.jpg,0,500,0,333,3
019.Gray_Catbird/Gray_Catbird_0050_20763.jpg,68,470,27,402,3
019.Gray_Catbird/Gray_Catbird_0111_19550.jpg,83,461,13,333,3
002.Laysan_Albatross/Laysan_Albatross_0047_619.jpg,0,500,0,478,3
011.Rusty_Blackbird/Rusty_Blackbird_0005_6771.jpg,0,500,0,333,3
002.Laysan_Albatross/Laysan_Albatross_0035_876.jpg,0,500,0,347,3
013.Bobolink/Bobolink_0101_9811.jpg,0,440,0,368,3
013.Bobolink/Bobolink_0039_9779.jpg,18,401,48,488,3
016.Painted_Bunting/Painted_Bunting_0084_16531.jpg,0,500,0,411,3
016.Painted_Bunting/Painted_Bunting_0069_16462.jpg,69,451,26,304,3
001.Black_footed_Albatross/Black_Footed_Albatross_0005_796090.jpg,0,500,0,335,3
001.Black_footed_Albatross/Black_Footed_Albatross_0023_796059.jpg,0,350,0,350,3
014.Indigo_Bunting/Indigo_Bunting_0036_13716.jpg,29,379,75,425,3
007.Parakeet_Auklet/Parakeet_Auklet_0019_795987.jpg,0,229,0,284,3
003.Sooty_Albatross/Sooty_Albatross_0058_796360.jpg,0,409,0,450,3
016.Painted_Bunting/Painted_Bunting_0046_16535.jpg,0,330,0,327,3
014.Indigo_Bunting/Indigo_Bunting_0078_11852.jpg,15,393,54,432,3
005.Crested_Auklet/Crested_Auklet_0048_1791.jpg,45,315,37,307,3
009.Brewer_Blackbird/Brewer_Blackbird_0102_2620.jpg,111,500,45,386,3
014.Indigo_Bunting/Indigo_Bunting_0006_14317.jpg,0,500,0,500,3
019.Gray_Catbird/Gray_Catbird_0113_21270.jpg,19,451,0,333,3
011.Rusty_Blackbird/Rusty_Blackbird_0091_6695.jpg,0,500,0,305,3
013.Bobolink/Bobolink_0035_11117.jpg,0,347,39,417,3
004.Groove_billed_Ani/Groove_Billed_Ani_0074_1730.jpg,0,472,0,374,3
013.Bobolink/Bobolink_0128_9947.jpg,54,500,0,304,3
018.Spotted_Catbird/Spotted_Catbird_0005_19411.jpg,0,500,0,337,3
017.Cardinal/Cardinal_0089_18005.jpg,0,460,0,353,3
011.Rusty_Blackbird/Rusty_Blackbird_0081_6967.jpg,54,500,0,350,3
006.Least_Auklet/Least_Auklet_0007_795123.jpg,0,200,0,262,3
020.Yellow_breasted_Chat/Yellow_Breasted_Chat_0044_22106.jpg,1,285,45,329,3
018.Spotted_Catbird/Spotted_Catbird_0047_19400.jpg,0,499,0,333,3
014.Indigo_Bunting/Indigo_Bunting_0040_11805.jpg,0,500,0,333,3
019.Gray_Catbird/Gray_Catbird_0060_20656.jpg,0,402,0,360,3
020.Yellow_breasted_Chat/Yellow_Breasted_Chat_0052_21866.jpg,29,375,0,339,3
003.Sooty_Albatross/Sooty_Albatross_0069_796358.jpg,61,445,40,345,3
005.Crested_Auklet/Crested_Auklet_0068_785253.jpg,141,477,69,334,3
009.Brewer_Blackbird/Brewer_Blackbird_0016_2225.jpg,43,391,1,334,3
015.Lazuli_Bunting/Lazuli_Bunting_0059_14749.jpg,0,403,18,359,3
003.Sooty_Albatross/Sooty_Albatross_0030_1122.jpg,0,500,0,333,3
020.Yellow_breasted_Chat/Yellow_Breasted_Chat_0017_21719.jpg,0,500,0,324,3
001.Black_footed_Albatross/Black_Footed_Albatross_0041_796108.jpg,138,500,56,432,3
017.Cardinal/Cardinal_0062_17334.jpg,0,500,0,375,3
008.Rhinoceros_Auklet/Rhinoceros_Auklet_0003_797535.jpg,17,400,0,253,3
014.Indigo_Bunting/Indigo_Bunting_0001_12469.jpg,0,481,0,333,3
011.Rusty_Blackbird/Rusty_Blackbird_0031_6699.jpg,0,500,0,423,3
017.Cardinal/Cardinal_0007_18537.jpg,0,464,0,375,3
011.Rusty_Blackbird/Rusty_Blackbird_0060_6756.jpg,0,399,0,330,3
018.Spotted_Catbird/Spotted_Catbird_0042_19430.jpg,39,339,22,322,3
004.Groove_billed_Ani/Groove_Billed_Ani_0012_1784.jpg,14,466,23,378,3
004.Groove_billed_Ani/Groove_Billed_Ani_0009_1522.jpg,0,500,0,477,3
017.Cardinal/Cardinal_0054_19334.jpg,0,435,0,500,3
020.Yellow_breasted_Chat/Yellow_Breasted_Chat_0109_21796.jpg,45,381,0,332,3
015.Lazuli_Bunting/Lazuli_Bunting_0020_14837.jpg,15,500,0,313,3
009.Brewer_Blackbird/Brewer_Blackbird_0032_2214.jpg,0,500,0,332,3
006.Least_Auklet/Least_Auklet_0029_795122.jpg,55,295,27,267,3
003.Sooty_Albatross/Sooty_Albatross_0020_796359.jpg,0,450,0,352,3
012.Yellow_headed_Blackbird/Yellow_Headed_Blackbird_0079_8535.jpg,4,412,59,500,3
008.Rhinoceros_Auklet/Rhinoceros_Auklet_0045_797536.jpg,0,341,0,336,3
008.Rhinoceros_Auklet/Rhinoceros_Auklet_0048_2162.jpg,42,446,5,375,3
012.Yellow_headed_Blackbird/Yellow_Headed_Blackbird_0073_8442.jpg,0,500,0,375,3
018.Spotted_Catbird/Spotted_Catbird_0002_796827.jpg,0,152,0,238,3
015.Lazuli_Bunting/Lazuli_Bunting_0008_15195.jpg,19,355,40,376,3
005.Crested_Auklet/Crested_Auklet_0044_1825.jpg,52,430,53,375,3
018.Spotted_Catbird/Spotted_Catbird_0040_796820.jpg,0,333,0,500,3
010.Red_winged_Blackbird/Red_Winged_Blackbird_0052_5575.jpg,17,457,5,400,3
009.Brewer_Blackbird/Brewer_Blackbird_0054_2631.jpg,13,447,0,424,3
002.Laysan_Albatross/Laysan_Albatross_0003_1033.jpg,0,500,0,375,3
013.Bobolink/Bobolink_0048_9988.jpg,0,376,14,500,3
010.Red_winged_Blackbird/Red_Winged_Blackbird_0055_4345.jpg,69,500,0,333,3
018.Spotted_Catbird/Spotted_Catbird_0001_796797.jpg,0,246,0,314,3
002.Laysan_Albatross/Laysan_Albatross_0088_883.jpg,0,500,0,334,3
003.Sooty_Albatross/Sooty_Albatross_0043_1076.jpg,0,375,3,477,3
004.Groove_billed_Ani/Groove_Billed_Ani_0031_1588.jpg,108,456,41,334,3
010.Red_winged_Blackbird/Red_Winged_Blackbird_0099_3985.jpg,0,446,3,500,3
017.Cardinal/Cardinal_0019_17368.jpg,32,500,0,333,3
009.Brewer_Blackbird/Brewer_Blackbird_0014_2679.jpg,0,459,0,500,3
013.Bobolink/Bobolink_0076_11093.jpg,0,355,0,343,3
007.Parakeet_Auklet/Parakeet_Auklet_0072_795929.jpg,24,335,64,500,3
006.Least_Auklet/Least_Auklet_0041_795107.jpg,0,227,0,350,3
004.Groove_billed_Ani/Groove_Billed_Ani_0033_1494.jpg,0,480,0,375,3
010.Red_winged_Blackbird/Red_Winged_Blackbird_0001_3695.jpg,95,413,84,398,3
007.Parakeet_Auklet/Parakeet_Auklet_0059_795973.jpg,17,303,0,257,3
017.Cardinal/Cardinal_0095_18108.jpg,0,382,0,500,3
008.Rhinoceros_Auklet/Rhinoceros_Auklet_0044_797502.jpg,6,247,0,149,3
018.Spotted_Catbird/Spotted_Catbird_0029_796825.jpg,0,255,0,263,3
010.Red_winged_Blackbird/Red_Winged_Blackbird_0032_4004.jpg,0,356,8,452,3
006.Least_Auklet/Least_Auklet_0015_795065.jpg,42,350,51,359,3
008.Rhinoceros_Auklet/Rhinoceros_Auklet_0035_2166.jpg,75,500,0,333,3
004.Groove_billed_Ani/Groove_Billed_Ani_0018_1613.jpg,0,500,0,332,3
014.Indigo_Bunting/Indigo_Bunting_0075_12835.jpg,0,293,38,348,3
008.Rhinoceros_Auklet/Rhinoceros_Auklet_0023_797501.jpg,85,349,43,307,3
009.Brewer_Blackbird/Brewer_Blackbird_0112_2340.jpg,0,500,0,398,3
007.Parakeet_Auklet/Parakeet_Auklet_0062_795958.jpg,0,349,42,432,3
006.Least_Auklet/Least_Auklet_0005_795119.jpg,0,243,51,305,3
019.Gray_Catbird/Gray_Catbird_0100_20674.jpg,0,500,0,400,3
009.Brewer_Blackbird/Brewer_Blackbird_0026_2625.jpg,0,467,0,298,3
012.Yellow_headed_Blackbird/Yellow_Headed_Blackbird_0009_8248.jpg,12,416,0,333,3
009.Brewer_Blackbird/Brewer_Blackbird_0004_2345.jpg,0,492,0,497,3
018.Spotted_Catbird/Spotted_Catbird_0015_796808.jpg,0,446,0,407,3
019.Gray_Catbird/Gray_Catbird_0102_20644.jpg,92,390,42,340,3
014.Indigo_Bunting/Indigo_Bunting_0056_12637.jpg,0,500,0,333,3
009.Brewer_Blackbird/Brewer_Blackbird_0035_2611.jpg,0,500,0,311,3
016.Painted_Bunting/Painted_Bunting_0044_16557.jpg,21,500,0,333,3
016.Painted_Bunting/Painted_Bunting_0081_15230.jpg,0,500,0,404,3
015.Lazuli_Bunting/Lazuli_Bunting_0004_14887.jpg,47,489,78,500,3
003.Sooty_Albatross/Sooty_Albatross_0051_796374.jpg,0,380,0,282,3
013.Bobolink/Bobolink_0032_10217.jpg,0,432,0,333,3
002.Laysan_Albatross/Laysan_Albatross_0083_756.jpg,73,403,52,333,3
004.Groove_billed_Ani/Groove_Billed_Ani_0065_1502.jpg,0,397,0,500,3
004.Groove_billed_Ani/Groove_Billed_Ani_0015_1653.jpg,0,326,1,280,3
